Rank,Model,RMSE,MAE,MSE,R2
1,Final Tuned Model,10.751145343641788,7.331350795169073,115.58712620011052,0.2443277993014643
2,LR Scheduling Model,10.773534864907495,7.3333254020200895,116.06905348537737,0.24117711060276104
3,Combined (BN + Dropout),10.79603716333591,7.396464814125722,116.5544184321301,0.2380039475567347
4,Baseline Model,11.03050597630018,7.640256374396645,121.672062093194,0.20454640626401455
5,Deep Model (4 Layers),11.555571570791237,8.020868453791923,133.53123432767867,0.12701487593267702
6,Wide Model (256-128),11.632555974278711,8.07814805054855,135.31635849472733,0.11534429675850155
7,Dropout Model (30%),12.122525605895616,8.604381766140497,146.95562706559488,0.03925042727132699
8,Batch Normalization Model,16.92160650195582,13.820114603118437,286.3407666070336,-0.8720056840675736
