Model,Test_MAE,Test_MSE,Test_RMSE,Test_R2,Train_R2,R2_Gap
Random Forest (Tuned),7.139481891563935,109.20636679531587,10.450185012492165,0.2387536779904943,0.2557014718038948,0.016947793813400502
Decision Tree (Tuned),7.214332571359166,111.29257179875223,10.549529458641851,0.22421134009914823,0.24512984086516265,0.020918500766014425
Random Forest (Baseline),7.180218885840975,111.7104248050673,10.569315247690708,0.22129860640483756,0.22294837893922692,0.0016497725343893599
Linear Regression,7.561817253447433,121.12698602842731,11.005770578584096,0.15565845365902164,0.15143619775924833,-0.0042222558997733195
