Model,Type,Val_R2,Val_RMSE,Val_MAE,R2_Gap
Decision Tree,Baseline,0.2122,10.6978,7.3347,0.0209
Random Forest,Baseline,0.2112,10.7045,7.2442,0.0095
Decision Tree,Tuned,0.21561230947675636,10.674301516676572,7.352633514474339,0.026473607370946395
Random Forest,Tuned,0.23005951561680105,10.575542607686096,7.2241349806721145,0.02425110464544611
