Model,Feature_Set,Val_R2,Val_RMSE,Val_MAE,R2_Gap,Num_Features,Train_R2,Train_RMSE
Decision Tree,Original,0.2122,10.6978,7.3347,0.0209,43,,
Random Forest,Original,0.2112,10.7045,7.2442,0.0095,43,,
Decision Tree,Interaction,0.21122076256498656,10.704140885259495,7.330459276840274,0.029052517400864786,57,0.24027327996585135,10.433501190668226
Random Forest,Interaction,0.2185430639960092,10.654341339872484,7.279838631961712,0.017738426217093872,57,0.23628149021310307,10.460875361967506
